timestamp,BPW34_1,BPW34_2,Inano_1,Inano_2
435800825,58,211,328,333
435801492,76,217,330,332
435802158,62,208,331,339
435802825,60,211,331,334
435803492,77,218,332,334
435804158,61,205,331,335
435804825,60,211,328,338
435805492,76,217,329,334
435806158,63,204,331,334
435806825,62,209,328,340
435807492,76,220,330,328
435808158,63,207,327,334
435808825,60,216,328,341
435809492,74,219,327,332
435810158,61,206,338,335
435810825,61,209,326,340
435811492,74,230,330,333
435812158,64,207,327,336
435812825,60,208,323,332
435813492,74,219,330,331
435814158,62,209,331,336
435814825,57,210,328,341
435815492,77,219,332,332
435816158,62,213,330,335
435816825,58,185,323,339
435817492,76,219,330,332
435818158,63,207,327,336
435818825,66,212,329,338
435819492,76,223,330,335
435820158,62,208,330,333
435820825,63,214,331,340
435821492,80,217,331,336
435822158,61,206,329,339
435822825,56,210,337,337
435823492,78,220,332,333
435824158,61,220,329,337
435824825,59,212,330,335
435825492,78,227,332,334
435826158,63,200,326,339
435826825,58,208,328,334
435827492,78,217,331,333
435828158,62,208,329,335
435828825,56,211,336,329
435829492,73,220,333,331
435830158,62,208,327,337
435830825,58,211,328,334
435831492,77,218,325,332
435832158,59,208,329,336
435832825,59,211,325,334
435833492,78,219,332,330
435834158,63,201,330,338
435834825,61,211,328,337
435835492,77,217,331,331
435836158,64,207,323,333
435836825,58,210,328,339
435837492,75,222,332,333
435838158,62,207,318,332
435838825,59,211,328,337
435839492,72,217,332,336
435840158,63,207,330,335
435840825,59,208,330,337
435841492,74,220,333,332
435842158,63,209,331,332
435842825,58,211,325,335
435843492,76,215,330,329
435844158,63,207,329,336
435844825,60,207,334,335
435845492,74,217,333,336
435846158,63,216,328,335
435846825,58,212,328,335
435847492,79,217,333,337
435848158,63,208,328,338
435848825,57,211,330,335
435849492,78,212,315,332
435850158,66,208,327,335
435850825,58,204,327,331
435851492,78,227,331,334
435852158,63,208,327,337
435852825,57,215,329,336
435853492,79,219,332,334
435854158,60,209,329,337
435854825,59,214,327,336
435855492,75,219,337,334
435856158,63,208,327,329
435856825,58,212,328,336
435857492,75,217,331,336
435858158,65,208,326,337
435858825,59,207,327,337
435859492,76,217,330,332
435860158,61,203,329,333
435860825,59,212,328,337
435861492,74,223,329,334
435862158,59,208,334,334
435862825,60,208,327,335
435863492,74,223,330,331
435864158,61,208,331,336
435864825,61,210,327,335
435865492,74,219,326,329
435866158,64,199,331,334
435866825,61,209,328,335
435867492,73,219,334,333
435868158,59,211,332,333
435868825,61,208,328,338
435869492,72,219,331,333
435870158,63,210,327,334
435870825,60,207,329,338
435871492,72,220,328,333
435872158,62,221,329,334
435872825,62,208,328,341
435873492,70,217,330,336
435874158,62,211,329,335
435874825,65,208,329,339
435875492,72,219,330,335
435876158,56,209,330,335
435876825,58,207,329,337
435877492,72,219,331,333
435878158,61,205,325,334
435878825,55,208,330,339
435879492,76,217,328,331
435880158,62,210,329,333
435880825,61,208,329,337
435881492,74,215,333,333
435882158,52,207,327,333
435882825,62,208,328,339
435883492,72,217,331,334
435884158,62,212,315,331
435884825,56,208,328,337
435885492,74,218,323,334
435886158,61,214,331,334
435886825,61,208,328,339
435887492,72,218,326,333
435888158,63,208,333,331
435888825,61,210,328,337
435889492,72,220,331,331
435890158,63,208,330,339
435890825,59,211,328,336
435891492,73,219,330,333
435892158,63,201,327,333
435892825,60,210,327,336
435893492,76,217,332,336
435894158,63,214,327,335
435894825,60,210,328,334
435895492,62,217,329,333
435896158,57,208,326,338
435896825,62,212,328,334
435897492,75,219,331,332
435898158,62,208,324,334
435898825,57,211,328,335
435899492,75,217,331,338
435900158,63,208,323,336
435900825,58,212,329,336
435901492,74,218,329,336
435902158,61,208,324,334
435902825,57,211,330,336
435903492,76,207,331,335
435904158,65,208,325,335
435904825,58,213,331,335
435905492,78,215,335,336
435906158,61,210,322,334
435906825,60,213,331,334
435907492,75,215,333,337
435908158,58,218,327,334
435908825,59,212,330,336
435909492,77,215,331,335
435910158,58,212,327,332
435910825,58,211,332,337
435911492,77,215,328,332
435912158,60,209,319,327
435912825,62,209,331,336
435913492,77,217,327,339
435914158,58,219,327,330
435914825,63,209,331,334
435915492,68,214,320,335
435916158,59,211,330,331
435916825,61,209,331,338
435917492,76,212,325,338
435918158,66,212,325,331
435918825,62,209,331,337
435919492,76,216,328,335
435920158,58,221,328,332
435920825,62,209,331,338
435921492,69,216,335,335
435922158,58,213,330,331
435922825,63,208,331,338
435923492,74,217,330,335
435924158,58,212,338,331
435924825,63,209,332,338
435925492,74,216,328,335
435926158,54,210,331,331
435926825,63,208,329,339
435927492,74,220,325,335
435928158,60,223,330,332
435928825,63,207,329,333
435929492,74,217,327,331
435930158,61,209,329,336
435930825,63,207,329,337
435931492,73,216,326,335
435932158,64,211,328,329
435932825,62,208,330,336
435933492,74,215,324,323
435934158,58,207,331,330
435934825,61,209,329,336
435935492,75,216,324,337
435936158,59,213,334,322
435936825,62,208,330,337
435937492,73,216,328,335
435938158,60,210,333,332
435938825,63,208,329,337
435939492,74,216,325,339
435940158,60,217,331,331
435940825,63,208,331,343
435941492,72,215,326,334
435942158,58,211,331,330
435942825,63,208,335,337
435943492,72,220,324,335
435944158,57,213,329,332
435944825,62,208,331,338
435945492,74,218,344,335
435946158,61,205,325,330
435946825,63,208,328,335
435947492,72,218,326,333
435948158,62,215,331,333
435948825,63,207,329,335
435949492,72,223,329,335
435950158,61,210,329,330
435950825,63,205,322,335
435951492,77,218,329,338
435952158,63,207,327,333
435952825,62,208,328,335
435953492,70,217,324,331
435954158,60,217,327,338
435954825,61,209,327,335
435955492,69,220,332,332
435956158,61,208,330,341
435956825,60,209,330,338
435957492,74,222,330,332
435958158,58,207,330,335
435958825,59,211,325,336
435959492,76,209,330,333
435960158,63,206,329,337
435960825,59,211,328,337
435961492,73,217,334,337
435962158,61,208,327,334
435962825,58,211,328,330
435963492,75,213,332,330
435964158,65,207,329,331
435964825,58,212,326,333
435965492,74,218,331,332
435966158,58,208,327,331
435966825,58,212,325,335
435967492,75,215,331,322
435968158,63,216,327,336
435968825,58,212,328,332
435969492,75,214,333,336
435970158,65,209,328,337
435970825,58,215,330,332
435971492,73,218,333,336
435972158,65,207,321,335
435972825,59,209,328,333
435973492,74,212,333,335
435974158,62,213,326,333
435974825,60,211,330,333
435975492,78,212,331,335
435976158,64,213,327,336
435976825,62,211,331,335
435977492,69,215,333,335
435978158,61,213,330,341
435978825,60,215,330,335
435979492,72,214,326,337
435980158,53,213,331,333
435980825,62,210,331,326
435981492,72,212,326,356
435982158,61,213,325,334
435982825,62,207,327,336
435983492,74,215,323,334
435984158,61,212,330,333
435984825,63,201,330,335
435985492,69,218,327,333
435986158,60,212,328,332
435986825,63,208,330,335
435987492,71,216,328,334
435988158,64,211,328,333
435988825,63,206,330,332
435989492,72,218,334,334
435990158,65,234,331,334
435990825,63,206,331,337
435991492,70,223,332,331
435992158,65,211,333,336
435992825,63,211,331,337
435993492,70,215,326,330
435994158,62,211,325,324
435994825,61,210,331,330
435995492,70,219,331,333
435996158,66,212,334,333
435996825,58,209,329,334
435997492,70,223,328,330
435998158,65,206,330,342
435998825,60,208,324,337
435999492,70,211,330,328
436000158,63,207,330,336
436000825,61,208,327,337
436001492,70,217,330,335
436002158,64,204,330,335
436002825,64,208,335,338
436003492,64,218,322,331
436004158,63,209,329,332
436004825,60,208,332,336
436005492,71,218,329,333
436006158,67,208,327,339
436006825,59,215,328,334
436007492,72,215,331,334
436008158,65,201,329,335
436008825,58,208,328,334
436009492,70,218,338,333
436010158,66,213,325,335
436010825,58,213,329,333
436011492,74,215,332,336
436012158,66,210,326,330
436012825,58,221,329,336
436013492,73,215,331,334
436014158,63,213,325,334
436014825,60,212,333,329
436015492,73,213,330,329
436016158,64,219,324,334
436016825,61,211,331,333
436017492,74,211,326,333
436018158,63,212,325,324
436018825,60,213,331,334
436019492,72,212,329,332
436020158,58,212,326,333
436020825,61,217,331,336
436021492,74,220,329,331
436022158,65,212,322,332
436022825,58,211,332,341
436023492,71,212,330,328
436024158,61,213,328,333
436024825,56,209,327,337
436025492,75,212,328,329
436026158,56,211,327,331
436026825,63,199,333,338
436027492,72,215,331,329
436028158,64,211,333,333
436028825,61,202,317,331
436029492,71,215,327,316
436030158,62,211,328,330
436030825,62,209,331,330
436031492,72,215,328,324
436032158,60,213,327,328
436032825,63,208,330,333
436033492,73,205,326,327
436034158,62,212,322,329
436034825,62,208,330,331
436035492,75,213,330,318
436036158,61,215,322,333
436036825,64,207,332,339
436037492,68,215,330,327
436038158,63,223,328,333
436038825,58,208,331,337
436039492,71,216,328,331
436040158,64,214,326,334
436040825,62,212,331,336
436041492,70,212,329,327
436042158,60,212,329,333
436042825,63,208,331,341
436043492,70,215,329,323
436044158,64,225,326,332
436044825,61,207,331,337
436045492,70,218,330,326
436046158,64,211,331,325
436046825,63,210,327,335
436047492,70,216,326,325
436048158,64,211,330,333
436048825,63,221,329,337
436049492,70,214,324,324
436050158,64,212,331,335
436050825,66,207,323,327
436051492,70,217,322,328
436052158,65,204,331,338
436052825,63,209,323,338
436053492,68,217,325,330
436054158,64,209,332,338
436054825,60,199,328,337
436055492,72,217,327,330
436056158,61,209,331,340
436056825,60,211,328,332
436057492,72,215,326,326
436058158,65,208,331,333
436058825,61,212,328,335
436059492,64,217,323,327
436060158,65,209,328,337
436060825,56,211,326,333
436061492,73,207,329,332
436062158,65,212,327,335
436062825,57,213,328,334
436063492,74,215,326,327
436064158,63,210,327,333
436064825,59,212,330,327
436065492,72,214,325,326
436066158,63,201,326,331
436066825,56,213,330,331
436067492,72,211,327,335
436068158,65,210,328,331
436068825,60,211,328,333
436069492,74,211,327,336
436070158,59,212,334,333
436070825,60,211,330,331
436071492,70,213,325,332
436072158,61,203,326,333
436072825,61,209,342,334
436073492,67,212,329,336
436074158,60,205,327,329
436074825,62,212,331,324
436075492,69,213,323,334
436076158,60,212,329,333
436076825,62,216,331,336
436077492,72,215,324,334
436078158,68,213,330,331
436078825,62,208,330,339
436079492,65,215,324,341
436080158,63,217,330,330
436080825,63,206,327,336
436081492,77,215,325,335
436082158,66,212,329,342
436082825,62,209,326,337
436083492,70,214,327,336
436084158,63,209,323,335
436084825,61,213,328,335
436085492,70,215,327,332
436086158,65,210,343,336
436086825,60,210,329,331
436087492,72,217,328,337
436088158,66,209,331,337
436088825,52,209,327,334
436089492,72,214,333,335
436090158,65,210,329,330
436090825,59,211,327,335
436091492,73,209,327,328
436092158,62,208,329,335
436092825,60,217,328,332
436093492,73,209,331,336
436094158,66,207,327,338
436094825,54,209,327,329
436095492,76,214,329,343
436096158,69,208,333,336
436096825,56,211,328,332
436097492,68,207,331,339
436098158,71,209,327,332
436098825,59,208,328,332
436099492,64,215,330,330
436100158,67,210,327,333
436100825,60,211,328,332
436101492,66,215,333,328
436102158,71,210,327,334
436102825,64,214,332,335
436103492,68,213,327,340
436104158,70,208,327,335
436104825,57,213,319,330
436105492,67,206,335,340
436106158,69,209,325,339
436106825,56,209,330,332
436107492,68,215,330,344
436108158,70,212,328,333
436108825,59,211,330,334
436109492,69,212,331,338
436110158,65,210,323,333
436110825,60,209,334,336
436111492,69,212,332,340
436112158,66,216,328,333
436112825,61,210,324,337
436113492,69,214,329,341
436114158,66,211,322,335
436114825,60,205,331,336
436115492,68,212,331,343
436116158,66,212,334,333
436116825,62,210,330,334
436117492,68,215,322,341
436118158,65,217,328,331
436118825,56,209,335,335
436119492,67,211,320,339
436120158,66,213,328,336
436120825,62,209,331,337
436121492,66,216,330,339
436122158,62,215,320,332
436122825,62,208,333,334
436123492,63,214,331,341
436124158,65,213,330,332
436124825,65,209,331,335
436125492,62,216,324,337
436126158,66,213,329,330
436126825,57,209,327,336
436127492,67,215,339,338
436128158,66,217,330,334
436128825,61,212,330,337
436129492,68,219,329,338
436130158,66,214,324,331
436130825,63,208,331,337
436131492,59,212,329,337
436132158,65,217,326,331
436132825,61,208,327,335
436133492,69,213,326,338
436134158,65,213,330,336
436134825,61,210,331,336
436135492,67,213,330,340
436136158,62,215,318,328
436136825,60,209,331,332
436137492,69,212,330,339
436138158,66,211,329,333
436138825,61,209,330,315
436139492,68,212,334,343
436140158,68,215,328,333
436140825,67,208,335,336
436141492,67,217,331,337
436142158,66,215,330,332
436142825,63,216,329,336
436143492,66,217,329,336
436144158,72,214,326,320
436144825,62,208,329,339
436145492,64,215,332,339
436146158,70,215,328,326
436146825,57,207,330,336
436147492,68,215,346,337
436148158,68,214,331,331
436148825,63,206,311,332
436149492,65,215,331,336
436150158,72,215,338,333
436150825,63,208,321,337
436151492,67,215,329,331
436152158,69,209,328,333
436152825,63,208,330,337
436153492,66,213,332,335
436154158,69,210,329,334
436154825,63,208,326,336
436155492,64,213,333,335
436156158,70,215,323,330
436156825,63,208,329,339
436157492,66,215,325,334
436158158,67,213,328,335
436158825,63,208,327,335
436159492,67,216,331,337
436160158,70,217,327,335
436160825,56,205,323,338
436161492,66,215,328,336
436162158,68,212,331,334
436162825,62,209,328,334
436163492,66,220,330,335
436164158,65,214,327,331
436164825,63,220,330,332
436165492,67,216,332,335
436166158,67,217,327,330
436166825,64,208,328,328
436167492,66,213,346,319
436168158,64,215,326,324
436168825,58,209,331,337
436169492,68,203,328,338
436170158,64,217,331,344
436170825,61,216,330,339
436171492,66,212,329,338
436172158,73,213,335,332
436172825,63,206,327,340
436173492,68,213,333,335
436174158,65,222,331,331
436174825,57,208,331,337
436175492,60,214,319,333
436176158,68,215,332,328
436176825,63,207,331,336
436177492,66,211,333,338
436178158,68,215,329,332
436178825,56,208,322,338
436179492,66,214,338,336
436180158,68,209,327,332
436180825,63,211,328,337
436181492,65,215,330,338
436182158,69,215,331,334
436182825,65,208,327,335
436183492,66,215,334,337
436184158,66,212,325,332
436184825,65,210,327,337
436185492,64,215,332,339
436186158,70,211,319,327
436186825,63,208,329,334
436187492,66,215,329,347
436188158,68,219,331,333
436188825,60,206,328,337
436189492,66,215,330,338
436190158,70,213,331,333
436190825,61,211,329,337
436191492,66,218,331,337
436192158,63,212,338,334
436192825,62,217,329,337
436193492,67,215,330,336
436194158,70,211,331,335
436194825,61,212,327,333
436195492,59,215,323,336
436196158,72,206,331,333
436196825,58,209,324,337
436197492,68,215,334,335
436198158,68,213,330,336
436198825,60,205,331,333
436199492,65,215,328,336
436200158,67,215,328,330
436200825,62,207,331,338
436201492,64,214,329,339
436202158,67,211,330,330
436202825,71,209,318,331
436203492,66,214,330,338
436204158,67,215,329,336
436204825,63,205,331,339
436205492,66,218,328,338
436206158,68,213,332,337
436206825,62,208,327,336
436207492,64,213,329,337
436208158,68,213,331,334
436208825,62,208,330,339
436209492,68,214,328,335
436210158,70,209,331,333
436210825,59,208,329,337
436211492,66,211,327,335
436212158,68,212,331,336
436212825,60,203,327,337
436213492,68,217,331,335
436214158,72,210,330,336
436214825,61,209,328,326
436215492,66,217,332,335
436216158,70,217,331,337
436216825,64,209,327,335
436217492,64,220,331,335
436218158,70,212,328,335
436218825,59,205,327,334
436219492,66,215,329,336
436220158,72,215,329,337
436220825,59,210,328,335
436221492,65,215,331,336
436222158,71,211,330,334
436222825,60,209,323,331
436223492,64,215,330,337
436224158,74,209,328,337
436224825,64,211,321,333
436225492,66,215,340,336
436226158,75,213,327,336
436226825,59,213,326,333
436227492,64,218,330,337
436228158,74,209,331,337
436228825,59,205,324,332
436229492,64,215,331,338
436230158,74,211,330,333
436230825,61,211,334,322
436231492,57,214,331,334
436232158,75,211,343,330
436232825,60,199,326,334
436233492,61,215,328,333
436234158,81,210,335,336
436234825,59,209,325,341
436235492,62,215,330,334
436236158,73,210,333,337
436236825,62,209,328,334
436237492,62,214,331,336
436238158,74,212,331,333
436238825,61,211,307,329
436239492,63,215,331,334
436240158,68,213,329,335
436240825,62,210,327,337
436241492,61,207,332,336
436242158,73,211,341,334
436242825,63,209,327,306
436243492,64,213,331,336
436244158,73,213,331,330
436244825,59,208,328,340
436245492,56,216,332,337
436246158,74,213,330,337
436246825,61,208,330,337
436247492,62,215,330,336
436248158,73,221,335,335
436248825,63,205,330,338
436249492,61,214,329,336
436250158,76,220,330,336
436250825,62,211,323,330
436251492,59,215,330,334
436252158,72,214,330,336
436252825,62,209,328,338
436253492,61,206,331,335
436254158,81,213,333,336
436254825,66,206,327,337
436255492,64,213,331,336
436256158,75,211,328,337
436256825,62,209,327,339
436257492,64,213,330,335
436258158,75,212,331,334
436258825,71,207,330,335
436259492,67,213,331,334
436260158,73,213,329,335
436260825,59,220,326,335
436261492,62,212,333,336
436262158,73,213,330,335
436262825,59,199,329,335
436263492,61,214,331,333
436264158,73,212,331,330
436264825,68,209,333,335
436265492,62,212,331,333
436266158,74,215,328,335
436266825,62,202,326,335
436267492,60,212,331,335
436268158,79,216,329,333
436268825,62,208,328,337
436269492,59,212,330,335
436270158,70,217,327,334
436270825,59,211,327,336
436271492,60,213,330,335
436272158,74,209,328,334
436272825,62,207,327,341
436273492,58,214,330,335
436274158,73,213,330,333
436274825,60,210,327,337
436275492,62,213,332,335
436276158,74,214,333,337
436276825,62,209,326,337
436277492,60,213,333,336
436278158,73,217,331,337
436278825,63,210,323,336
436279492,59,213,332,335
436280158,74,217,329,334
436280825,62,207,335,336
436281492,59,214,331,335
436282158,76,217,340,336
436282825,62,208,331,341
436283492,62,214,333,336
436284158,75,212,323,336
436284825,62,209,327,331
436285492,60,213,332,336
436286158,72,204,330,333
436286825,57,211,328,335
436287492,68,213,332,337
436288158,72,215,327,339
436288825,62,207,327,335
436289492,62,213,334,336
436290158,73,214,322,332
436290825,60,209,330,335
436291492,62,215,334,336
436292158,73,221,328,335
436292825,60,211,328,335
436293492,63,213,333,337
436294158,75,212,326,325
436294825,53,211,323,335
436295492,64,212,333,336
436296158,75,212,323,340
436296825,59,208,328,333
436297492,64,213,331,333
436298158,72,208,330,319
436298825,60,211,326,330
436299492,64,213,330,334
436300158,74,210,331,331
436300825,59,211,328,334
436301492,62,213,331,332
436302158,74,209,333,336
436302825,60,203,326,335
436303492,64,213,331,337
436304158,69,213,331,335
436304825,58,207,328,335
436305492,64,212,330,339
436306158,75,212,330,339
436306825,60,209,332,329
436307492,64,212,330,338
436308158,74,214,332,335
436308825,57,210,330,333
436309492,64,212,331,333
436310158,73,213,333,332
436310825,58,221,328,335
436311492,65,211,331,340
436312158,72,214,328,335
436312825,56,215,329,334
436313492,66,211,331,336
436314158,67,214,318,328
436314825,58,211,328,333
436315492,64,211,331,338
436316158,72,215,328,336
436316825,54,213,324,333
436317492,65,209,327,332
436318158,73,213,327,329
436318825,57,205,329,335
436319492,65,209,328,338
436320158,76,214,328,335
436320825,58,212,328,337
436321492,64,210,331,339
436322158,72,214,328,334
436322825,58,210,344,342
436323492,65,209,331,340
436324158,72,214,328,330
436324825,56,212,326,332
436325492,66,210,330,342
436326158,72,215,328,332
436326825,60,209,331,332
436327492,66,209,329,339
436328158,70,215,328,333
436328825,60,213,327,335
436329492,67,208,328,336
436330158,72,215,324,330
436330825,56,215,326,331
436331492,66,209,331,337
436332158,72,216,326,331
436332825,58,219,327,330
436333492,65,211,324,337
436334158,78,210,335,333
436334825,57,212,326,339
436335492,66,213,325,339
436336158,74,212,328,335
436336825,52,211,328,332
436337492,65,212,331,334
436338158,72,212,328,335
436338825,59,211,331,333
436339492,66,212,331,336
436340158,74,217,327,338
436340825,58,212,328,334
436341492,65,212,328,337
436342158,74,214,329,337
436342825,58,211,330,336
436343492,66,212,332,336
436344158,72,212,331,341
436344825,64,212,328,332
436345492,64,212,335,333
436346158,71,212,329,315
436346825,57,208,330,331
436347492,64,212,333,334
436348158,73,212,317,327
436348825,56,210,328,334
436349492,62,211,335,337
436350158,75,214,327,335
436350825,56,211,327,333
436351492,63,210,331,337
436352158,74,217,326,334
436352825,56,211,330,334
436353492,62,209,331,338
436354158,72,215,322,338
436354825,60,215,331,334
436355492,63,209,329,342
436356158,78,216,326,333
436356825,60,213,329,336
436357492,63,208,327,339
436358158,66,217,328,332
436358825,60,211,329,332
436359492,63,208,329,337
436360158,72,218,331,334
436360825,62,209,333,338
436361492,60,210,328,335
436362158,72,215,328,334
436362825,63,213,330,336
436363492,62,208,327,337
436364158,77,217,317,324
436364825,62,207,330,335
436365492,61,209,327,334
436366158,68,217,322,330
436366825,60,207,330,334
436367492,61,215,327,334
436368158,74,217,331,333
436368825,64,209,330,337
436369492,61,212,326,337
436370158,74,217,329,328
436370825,62,204,331,336
436371492,59,211,329,335
436372158,76,215,332,333
436372825,63,208,327,338
436373492,60,215,331,334
436374158,74,219,325,334
436374825,61,208,319,327
436375492,57,206,330,334
436376158,76,215,329,335
436376825,68,208,325,337
436377492,58,212,331,329
436378158,76,213,331,335
436378825,61,209,319,332
436379492,58,213,331,333
436380158,76,214,330,337
436380825,58,209,330,335
436381492,60,211,335,334
436382158,77,212,329,337
436382825,54,211,328,333
436383492,60,213,332,337
436384158,77,210,322,335
436384825,60,212,330,335
436385492,61,208,331,342
436386158,76,217,327,338
436386825,58,204,329,335
436387492,62,209,327,345
436388158,74,213,328,335
436388825,60,209,331,335
436389492,63,208,334,338
436390158,73,219,328,334
436390825,51,213,329,336
436391492,63,208,330,335
436392158,72,217,329,333
436392825,65,212,334,336
436393492,61,208,330,338
436394158,72,219,328,336
436394825,61,204,331,338
436395492,58,209,319,332
436396158,73,217,328,332
436396825,63,208,331,334
436397492,60,209,330,335
436398158,72,217,326,331
436398825,63,208,326,333
436399492,59,208,328,335
436400158,72,218,326,328
436400825,64,211,327,338
436401492,62,208,327,341
436402158,74,219,330,333
436402825,64,212,329,335
436403492,58,209,324,337
436404158,68,217,325,333
436404825,62,207,331,341
436405492,60,210,328,335
436406158,75,217,331,337
436406825,69,209,329,337
436407492,60,211,332,336
436408158,77,217,330,336
436408825,56,210,323,337
436409492,58,212,331,332
436410158,77,215,329,331
436410825,58,209,325,335
436411492,57,212,337,333
436412158,76,206,327,332
436412825,58,212,330,335
436413492,62,205,335,335
436414158,76,216,331,332
436414825,56,210,333,333
436415492,62,211,330,337
436416158,76,215,329,333
436416825,58,202,329,335
436417492,64,209,331,334
436418158,76,217,329,330
436418825,58,213,330,333
436419492,63,205,333,339
436420158,73,223,325,329
436420825,61,212,323,328
436421492,63,208,329,334
436422158,74,211,327,325
436422825,60,210,329,336
436423492,60,209,328,339
436424158,69,219,326,316
436424825,62,217,331,336
436425492,61,210,328,338
436426158,68,218,324,323
436426825,62,209,331,329
436427492,58,209,332,338
436428158,72,217,328,324
436428825,61,208,331,335
436429492,59,216,326,335
436430158,74,219,331,320
436430825,57,208,335,334
436431492,62,208,323,337
436432158,74,219,332,322
436432825,61,210,330,336
436433492,56,209,332,337
436434158,70,218,331,323
436434825,62,209,327,338
436435492,61,209,327,337
436436158,73,217,330,322
436436825,63,205,343,335
436437492,58,205,327,337
436438158,76,218,327,323
436438825,62,208,330,336
436439492,62,212,328,332
436440158,75,218,333,324
436440825,62,210,331,336
436441492,54,210,328,335
436442158,76,217,329,323
436442825,60,208,328,338
436443492,59,206,330,336
436444158,76,214,329,327
436444825,68,208,327,336
436445492,58,209,330,334
436446158,76,213,328,323
436446825,61,199,326,335
436447492,56,211,331,340
436448158,72,213,318,322
436448825,59,210,326,347
436449492,60,210,326,334
436450158,77,213,326,329
436450825,57,209,322,333
436451492,60,207,331,334
436452158,77,219,327,326
436452825,52,210,330,332
436453492,61,211,329,336
436454158,79,214,324,331
436454825,59,210,326,335
436455492,62,210,334,335
436456158,76,215,324,327
436456825,56,205,328,334
436457492,56,211,325,337
436458158,76,217,323,327
436458825,56,211,324,332
436459492,64,209,334,337
436460158,77,214,323,333
436460825,56,212,330,332
436461492,60,210,331,333
436462158,78,213,325,327
436462825,58,210,330,331
436463492,63,209,331,335
436464158,77,214,312,325
436464825,56,212,328,332
436465492,62,209,330,335
436466158,78,217,321,327
436466825,54,213,330,329
436467492,63,202,333,336
436468158,77,215,324,337
436468825,58,212,329,332
436469492,63,207,331,336
436470158,79,216,323,334
436470825,58,217,328,332
436471492,62,208,331,337
436472158,78,209,322,333
436472825,60,211,330,337
436473492,63,213,329,337
436474158,74,214,326,333
436474825,60,211,335,334
436475492,62,208,328,335
436476158,70,216,324,327
436476825,62,214,331,336
436477492,62,205,323,334
436478158,80,216,328,331
436478825,61,208,331,336
436479492,63,209,322,339
436480158,74,217,336,336
436480825,62,208,331,336
436481492,58,210,326,335
436482158,74,217,328,332
436482825,61,207,326,338
436483492,58,212,329,340
436484158,76,217,330,329
436484825,60,209,328,338
436485492,61,211,330,335
436486158,71,214,333,336
436486825,60,209,328,339
436487492,58,218,329,334
436488158,79,218,327,336
436488825,59,211,327,337
436489492,61,213,334,335
436490158,81,208,326,335
436490825,58,207,306,329
436491492,60,212,333,336
436492158,76,212,326,337
436492825,60,212,334,334
436493492,57,212,339,336
436494158,77,218,327,325
436494825,58,212,328,327
436495492,62,209,328,335
436496158,76,216,326,335
436496825,54,213,321,332
436497492,62,201,331,329
436498158,74,216,328,325
436498825,59,213,328,332
436499492,62,208,327,332
436500158,78,217,326,333
436500825,59,211,330,324
436501492,62,208,331,338
436502158,76,217,327,333
436502825,60,209,324,351
436503492,62,211,332,337
436504158,75,216,328,337
436504825,64,210,331,335
436505492,62,207,328,343
436506158,74,223,329,331
436506825,62,217,331,335
436507492,57,209,330,337
436508158,76,223,333,336
436508825,63,208,329,341
436509492,59,205,325,336
436510158,76,219,332,336
436510825,58,206,327,336
436511492,59,211,332,336
436512158,75,215,331,337
436512825,59,209,321,337
436513492,58,213,330,324
436514158,77,213,330,319
436514825,57,216,325,336
436515492,58,210,332,336
436516158,85,214,337,339
436516825,60,212,327,332
436517492,62,208,318,331
436518158,76,218,329,338
436518825,58,211,334,335
436519492,61,210,333,329
436520158,74,215,330,339
436520825,60,211,334,333
436521492,62,208,330,335
436522158,74,219,326,338
436522825,60,211,327,336
436523492,65,206,333,337
436524158,72,219,327,335
436524825,62,209,333,328
436525492,61,209,329,337
436526158,73,220,331,339
436526825,64,210,335,335
436527492,61,208,331,335
436528158,76,220,330,328
436528825,63,208,328,335
436529492,50,212,327,332
436530158,76,217,331,336
436530825,63,210,327,334
436531492,60,209,316,328
436532158,75,217,334,335
436532825,63,208,329,334
436533492,58,209,327,335
436534158,76,226,331,334
436534825,62,205,331,335
436535492,58,211,328,337
436536158,78,220,333,347
436536825,62,204,328,335
436537492,58,209,330,334
436538158,74,215,331,340
436538825,60,213,329,335
436539492,62,214,330,331
436540158,79,211,333,335
436540825,63,209,326,340
436541492,57,218,330,335
436542158,78,207,333,343
436542825,55,213,326,334
436543492,60,212,331,336
436544158,78,215,331,337
436544825,56,214,327,336
436545492,63,209,324,337
436546158,79,217,329,338
436546825,58,212,329,333
436547492,58,207,334,338
436548158,76,217,328,335
436548825,60,211,325,346
436549492,64,205,331,337
436550158,76,227,328,335
436550825,60,215,328,338
436551492,62,206,327,336
436552158,73,219,331,333
436552825,61,217,331,334
436553492,60,209,330,340
436554158,72,218,329,344
436554825,62,209,331,340
436555492,59,209,326,335
436556158,78,225,331,334
436556825,62,209,333,341
436557492,59,204,326,337
436558158,76,219,331,336
436558825,65,208,327,333
436559492,58,211,328,336
436560158,79,218,333,340
436560825,62,198,329,336
436561492,60,210,328,335
436562158,86,217,347,347
436562825,59,208,330,333
436563492,58,207,336,332
436564158,80,221,331,336
436564825,67,208,325,334
436565492,58,209,327,332
436566158,80,217,334,336
436566825,63,209,326,333
436567492,58,212,328,338
436568158,79,217,331,330
436568825,63,204,329,335
436569492,60,211,327,335
436570158,75,216,333,328
436570825,58,212,328,333
436571492,60,205,331,337
436572158,79,218,330,339
436572825,57,210,330,337
436573492,63,209,332,345
436574158,78,217,330,335
436574825,58,211,330,332
436575492,62,208,331,339
436576158,75,218,319,329
436576825,61,217,330,335
436577492,67,208,330,337
436578158,76,219,333,336
436578825,58,211,335,337
436579492,61,208,327,338
436580158,76,213,331,336
436580825,63,209,331,336
436581492,59,210,328,336
436582158,78,225,327,336
436582825,63,208,329,337
436583492,58,209,328,333
436584158,79,223,326,334
436584825,62,209,329,337
436585492,59,212,320,337
436586158,74,217,333,337
436586825,61,208,329,335
436587492,56,203,329,332
436588158,80,213,331,339
436588825,69,210,339,335
436589492,60,212,330,337
436590158,80,215,329,338
436590825,59,215,324,330
436591492,60,213,333,333
436592158,83,214,330,341
436592825,58,211,327,327
436593492,62,203,333,337
436594158,78,215,338,337
436594825,57,211,331,331
436595492,60,213,335,338
436596158,78,218,333,334
436596825,54,212,326,330
436597492,62,209,330,337
436598158,81,216,326,343
436598825,58,215,330,331
436599492,66,209,319,329
436600158,78,225,328,337
436600825,58,213,328,334
436601492,62,210,331,337
436602158,79,221,322,337
436602825,59,211,330,336
436603492,63,208,331,337
436604158,77,212,328,338
436604825,65,213,334,333
436605492,62,212,331,336
436606158,75,219,331,339
436606825,51,209,330,335
436607492,58,208,330,336
436608158,66,219,320,335
436608825,61,209,327,341
436609492,63,209,326,334
436610158,77,212,335,335
436610825,65,209,325,335
436611492,57,207,328,333
436612158,78,219,332,337
436612825,65,207,327,337
436613492,58,212,330,326
436614158,80,217,333,338
436614825,61,205,325,335
436615492,54,213,336,334
436616158,80,203,333,337
436616825,60,210,325,330
436617492,60,211,325,336
436618158,78,216,330,337
436618825,52,211,320,335
436619492,61,221,329,336
436620158,79,210,328,337
436620825,59,213,315,328
436621492,63,210,331,333
436622158,79,216,329,337
436622825,57,209,328,334
436623492,61,209,333,339
436624158,80,213,328,335
436624825,56,212,328,333
436625492,62,204,330,336
436626158,77,216,314,331
436626825,60,211,314,332
436627492,63,208,334,338
436628158,75,211,331,335
436628825,64,206,329,336
436629492,60,208,328,337
436630158,75,218,330,331
436630825,62,208,329,333
436631492,55,209,328,335
436632158,80,218,327,333
436632825,62,209,328,335
436633492,61,207,324,337
436634158,76,221,332,333
436634825,61,208,327,335
436635492,59,206,330,334
436636158,80,219,328,336
436636825,69,207,322,335
436637492,58,213,326,336
436638158,78,223,330,337
436638825,61,208,322,337
436639492,58,210,327,341
436640158,79,218,332,339
436640825,60,207,326,332
436641492,62,211,330,333
436642158,81,218,327,337
436642825,59,211,327,329
436643492,60,212,331,337
436644158,79,226,331,337
436644825,55,211,328,334
436645492,61,210,331,336
436646158,79,215,331,339
436646825,56,212,330,332
436647492,63,211,331,340
436648158,75,217,329,338
436648825,58,209,327,333
436649492,70,208,342,337
436650158,76,214,327,335
436650825,60,209,316,326
436651492,63,209,330,339
436652158,75,220,328,333
436652825,57,210,330,334
436653492,60,211,327,337
436654158,75,215,331,335
436654825,63,211,328,334
436655492,62,209,326,335
436656158,76,219,330,334
436656825,61,209,329,336
436657492,60,209,328,337
436658158,77,219,331,335
436658825,62,207,329,335
436659492,58,208,328,336
436660158,76,218,331,336
436660825,67,209,329,335
436661492,58,214,328,335
436662158,79,231,331,334
436662825,62,212,329,335
436663492,57,209,328,328
436664158,83,219,331,336
436664825,63,204,327,335
436665492,60,210,336,332
436666158,78,217,332,334
436666825,61,208,329,341
436667492,57,209,331,337
436668158,78,229,331,337
436668825,59,209,327,338
436669492,56,212,329,333
436670158,81,217,332,337
436670825,60,218,326,339
436671492,58,213,330,338
436672158,81,216,331,335
436672825,60,209,325,339
436673492,52,210,328,335
436674158,79,216,331,339
436674825,60,211,329,334
436675492,61,207,332,337
436676158,81,216,328,337
436676825,62,212,326,333
436677492,62,208,331,335
436678158,78,221,328,337
436678825,56,212,331,336
436679492,55,209,329,336
436680158,78,216,326,335
436680825,60,212,330,331
436681492,63,208,326,339
436682158,70,218,327,337
436682825,59,213,333,340
436683492,62,204,331,337
436684158,76,216,326,336
436684825,62,218,331,337
436685492,62,208,331,335
436686158,74,223,330,333
436686825,61,207,331,335
436687492,61,209,326,335
436688158,80,220,330,334
436688825,62,209,331,336
436689492,61,209,321,335
436690158,76,219,331,335
436690825,63,207,330,337
436691492,58,211,327,334
436692158,76,220,330,334
436692825,60,205,335,334
436693492,59,210,328,337
436694158,77,219,331,335
436694825,63,208,328,338
436695492,60,213,319,331
436696158,79,217,331,334
436696825,62,208,327,333
436697492,58,206,331,331
436698158,76,218,331,333
436698825,63,204,334,335
436699492,58,211,325,331
436700158,78,217,331,335
436700825,60,207,326,339
436701492,58,212,330,328
436702158,80,216,331,338
436702825,60,204,327,337
436703492,61,211,326,334
436704158,77,215,331,337
436704825,57,212,326,334
436705492,61,209,331,334
436706158,79,213,331,340
436706825,56,211,330,333
436707492,59,202,331,335
436708158,78,216,329,337
436708825,54,214,329,333
436709492,64,209,329,337
436710158,76,217,328,335
436710825,58,207,329,332
436711492,60,209,331,338
436712158,75,218,328,336
436712825,60,211,331,342
436713492,62,205,330,338
436714158,76,217,329,335
436714825,56,210,325,333
436715492,62,207,330,334
436716158,75,219,328,334
436716825,60,205,330,335
436717492,65,205,325,337
436718158,76,219,329,335
436718825,60,209,329,335
436719492,61,208,331,338
436720158,74,220,331,332
436720825,61,210,329,335
436721492,61,203,325,333
436722158,75,219,330,332
436722825,63,209,327,334
436723492,61,209,330,337
436724158,76,219,330,336
436724825,64,208,329,337
436725492,59,212,328,335
436726158,78,219,331,335
436726825,63,208,328,337
436727492,60,210,332,339
436728158,77,217,331,336
436728825,63,208,329,336
436729492,59,211,328,331
436730158,79,217,331,332
436730825,56,206,329,334
436731492,58,211,328,331
436732158,78,218,331,335
436732825,63,204,327,333
436733492,59,212,330,333
436734158,78,217,331,337
436734825,62,208,326,335
436735492,53,212,331,333
436736158,79,217,332,336
436736825,59,210,324,330
436737492,58,211,331,333
436738158,79,216,331,337
436738825,59,211,330,331
436739492,60,211,334,340
436740158,79,215,329,337
436740825,59,211,326,332
436741492,60,211,331,343
436742158,78,216,330,336
436742825,57,212,329,325
436743492,62,215,331,337
436744158,76,217,325,339
436744825,58,215,328,332
436745492,63,216,330,336
436746158,74,219,330,334
436746825,61,212,328,333
436747492,62,209,328,335
436748158,74,219,330,333
436748825,62,205,331,334
436749492,59,209,328,336
436750158,75,219,331,333
436750825,59,217,331,338
436751492,60,207,328,334
436752158,77,218,331,336
436752825,63,208,325,336
436753492,58,205,328,337
436754158,76,219,332,333
436754825,60,210,330,335
436755492,58,211,330,336
436756158,78,217,331,336
436756825,62,205,326,335
436757492,57,213,328,333
436758158,79,216,331,333
436758825,60,211,326,331
436759492,60,213,329,333
436760158,79,214,333,336
436760825,57,213,334,333
436761492,59,206,331,337
436762158,78,215,329,340
436762825,60,212,328,329
436763492,63,208,330,330
436764158,78,216,327,335
436764825,62,208,330,324
436765492,60,212,328,336
436766158,78,216,325,334
436766825,61,209,329,329
436767492,61,211,331,340
436768158,77,214,336,335
436768825,64,215,337,330
436769492,62,209,329,336
436770158,76,217,327,337
436770825,58,213,331,332
436771492,63,207,327,344
436772158,77,217,326,335
436772825,59,210,331,336
436773492,63,207,330,338
436774158,76,217,327,335
436774825,65,213,333,331
436775492,63,209,331,337
436776158,75,218,332,333
436776825,56,211,329,332
436777492,62,208,327,343
436778158,74,217,330,332
436778825,62,211,331,337
436779492,61,208,328,337
436780158,74,219,330,333
436780825,61,209,330,335
436781492,62,210,323,337
436782158,76,219,332,332
436782825,57,208,330,337
436783492,60,206,326,335
436784158,78,217,327,331
436784825,57,208,323,338
436785492,58,209,332,334
436786158,78,217,331,336
436786825,61,211,330,335
436787492,52,213,326,336
436788158,78,217,331,336
436788825,61,207,330,335
436789492,58,209,330,332
436790158,78,216,330,333
436790825,66,209,330,334
436791492,62,211,330,333
436792158,79,215,333,337
436792825,58,212,325,335
436793492,62,211,333,338
436794158,78,215,329,337
436794825,58,218,326,336
436795492,58,213,326,335
436796158,75,216,328,333
436796825,58,213,328,330
436797492,62,209,329,336
436798158,75,217,327,329
436798825,58,214,328,327
436799492,62,201,331,334
436800158,74,217,326,333
436800825,59,211,328,333
436801492,62,207,330,343
436802158,75,218,326,334
436802825,61,211,329,333
436803492,69,207,331,336
436804158,73,218,329,333
436804825,60,211,331,330
436805492,61,206,330,337
436806158,72,227,327,335
436806825,63,209,330,339
436807492,59,202,327,335
436808158,74,217,333,334
436808825,63,201,331,337
436809492,58,209,326,332
436810158,75,219,331,336
436810825,62,204,328,337
436811492,62,212,340,333
436812158,77,213,331,336
436812825,61,209,327,331
436813492,58,213,330,332
436814158,78,217,331,338
436814825,60,210,326,322
436815492,58,209,332,333
436816158,77,213,330,335
436816825,54,212,328,335
436817492,63,212,317,334
436818158,78,216,329,335
436818825,57,202,326,333
436819492,60,211,342,336
436820158,77,215,327,335
436820825,58,210,330,330
436821492,62,208,330,335
436822158,72,215,328,335
436822825,62,213,331,333
436823492,67,208,331,338
436824158,73,220,326,333
436824825,55,209,331,335
436825492,63,209,330,331
436826158,76,219,331,334
436826825,62,197,331,337
436827492,64,208,325,335
436828158,77,217,331,328
436828825,63,208,327,333
436829492,58,210,330,329
436830158,74,214,331,334
436830825,54,208,325,333
436831492,56,206,328,333
436832158,78,213,333,335
436832825,58,212,325,331
436833492,58,212,332,328
436834158,77,212,329,335
436834825,59,205,326,333
436835492,56,209,335,337
436836158,76,204,331,337
436836825,60,211,326,331
436837492,62,209,321,337
436838158,75,215,330,341
436838825,58,211,334,324
436839492,63,207,331,341
436840158,72,217,328,332
436840825,61,210,339,328
436841492,61,204,330,335
436842158,70,219,328,333
436842825,60,210,327,331
436843492,62,208,318,330
436844158,72,209,331,333
436844825,62,208,327,329
436845492,59,211,330,337
436846158,78,219,331,340
436846825,62,208,331,330
436847492,59,207,328,335
436848158,82,215,331,334
436848825,61,208,341,327
436849492,56,211,328,335
436850158,74,216,331,336
436850825,61,201,320,328
436851492,56,210,331,340
436852158,74,217,332,336
436852825,58,209,326,315
436853492,59,211,341,335
436854158,78,213,331,334
436854825,59,211,328,324
436855492,60,212,330,333
436856158,79,212,331,336
436856825,60,211,326,325
436857492,60,209,331,348
436858158,75,213,324,337
436858825,60,215,329,323
436859492,63,209,331,337
436860158,73,215,329,334
436860825,60,213,326,322
436861492,62,205,329,338
436862158,73,223,312,327
436862825,64,207,330,329
436863492,62,200,329,335
436864158,72,217,327,329
436864825,62,210,329,324
436865492,62,209,325,335
436866158,73,222,328,332
436866825,59,215,331,321
436867492,62,208,337,338
436868158,72,219,330,334
436868825,61,208,329,335
436869492,60,210,322,336
436870158,73,219,330,336
436870825,63,205,334,326
436871492,58,213,328,335
436872158,79,215,329,336
436872825,62,208,324,329
436873492,58,215,330,331
436874158,77,224,331,336
436874825,58,205,322,319
436875492,62,211,321,336
436876158,77,214,330,335
436876825,58,212,323,324
436877492,62,209,330,336
436878158,77,216,327,337
436878825,59,211,324,324
436879492,62,209,334,335
436880158,80,217,327,335
436880825,59,212,327,324
436881492,61,208,327,349
436882158,73,215,327,335
436882825,62,212,327,327
436883492,59,208,330,335
436884158,75,216,333,324
436884825,62,209,331,328
436885492,61,212,329,337
436886158,72,219,329,334
436886825,54,208,323,326
436887492,58,210,328,339
436888158,72,217,332,334
436888825,63,216,322,331
436889492,58,211,329,330
436890158,77,207,331,335
436890825,61,208,322,333
436891492,56,211,326,333
436892158,78,213,330,337
436892825,61,210,321,337
436893492,59,221,330,336
436894158,79,215,330,329
436894825,58,209,334,327
436895492,60,211,332,361
436896158,74,215,325,335
436896825,59,209,323,321
436897492,61,210,318,322
436898158,74,212,329,335
436898825,62,210,320,325
436899492,62,205,326,332
436900158,73,213,330,341
436900825,62,211,325,327
436901492,61,207,330,335
436902158,78,215,329,335
436902825,65,212,331,334
436903492,63,208,331,332
436904158,71,216,326,337
436904825,62,209,327,335
436905492,70,208,319,333
436906158,70,217,327,337
436906825,64,209,329,336
436907492,62,211,328,337
436908158,69,217,330,338
436908825,64,208,325,335
436909492,58,214,328,334
436910158,78,219,327,331
436910825,67,206,331,339
436911492,57,209,327,335
436912158,74,217,329,337
436912825,62,207,326,331
436913492,59,209,329,334
436914158,74,217,334,336
436914825,63,208,323,335
436915492,60,212,330,332
436916158,74,214,331,325
436916825,62,207,326,335
436917492,62,209,324,337
436918158,70,213,330,337
436918825,66,211,326,333
436919492,63,209,331,342
436920158,73,218,326,335
436920825,61,209,326,334
436921492,57,209,329,335
436922158,70,219,329,333
436922825,66,205,330,336
436923492,62,210,327,335
436924158,72,217,331,326
436924825,65,208,331,338
436925492,60,213,328,334
436926158,72,215,333,334
436926825,66,205,327,340
436927492,56,211,328,340
436928158,73,213,331,336
436928825,60,216,326,333
436929492,58,213,333,332
436930158,73,215,333,334
436930825,61,214,320,336
436931492,77,212,331,332
436932158,75,213,331,335
436932825,64,211,326,332
436933492,60,211,329,334
436934158,67,209,336,335
436934825,60,214,332,334
436935492,63,212,331,340
436936158,72,213,328,337
436936825,61,208,326,334
436937492,58,206,331,337
436938158,70,214,330,334
436938825,62,207,330,336
436939492,63,205,328,341
436940158,69,221,330,332
436940825,68,213,329,339
436941492,61,212,330,337
436942158,64,221,323,333
436942825,64,209,319,332
436943492,59,209,325,331
436944158,72,217,335,337
436944825,63,210,329,338
436945492,58,205,329,336
436946158,74,211,333,326
436946825,63,212,325,340
436947492,57,208,325,336
436948158,72,212,335,337
436948825,63,212,327,335
436949492,58,217,331,334
436950158,68,213,341,336
436950825,61,211,327,335
436951492,65,212,329,352
436952158,73,212,328,337
436952825,60,215,329,335
436953492,63,209,327,335
436954158,71,213,326,331
436954825,62,215,331,333
436955492,66,206,323,338
436956158,68,217,328,334
436956825,64,217,332,336
436957492,60,201,329,338
436958158,66,217,337,334
436958825,63,211,331,337
436959492,60,212,326,337
436960158,70,217,331,333
436960825,65,207,331,337
436961492,50,212,316,329
436962158,72,212,323,337
436962825,68,210,332,336
436963492,59,212,328,332
436964158,72,215,328,332
436964825,65,212,329,337
436965492,56,206,327,327
436966158,67,214,329,336
436966825,64,212,329,333
436967492,60,213,335,333
436968158,73,216,331,338
436968825,62,221,330,335
436969492,64,212,331,334
436970158,75,212,329,338
436970825,61,213,331,342
436971492,64,205,330,336
436972158,78,213,329,337
436972825,61,213,333,335
436973492,59,207,331,334
436974158,71,219,326,334
436974825,64,213,331,333
436975492,62,208,328,336
436976158,70,209,328,327
436976825,64,213,332,337
436977492,63,206,333,337
436978158,70,217,328,334
436978825,64,211,329,335
436979492,59,210,326,337
436980158,72,218,331,336
436980825,67,211,333,335
436981492,58,209,328,335
436982158,72,226,331,337
436982825,66,209,331,335
436983492,58,210,325,333
436984158,72,212,325,339
436984825,65,210,331,337
436985492,57,208,330,336
436986158,71,213,331,334
436986825,66,213,331,336
436987492,60,213,332,337
436988158,75,214,327,335
436988825,62,213,331,335
436989492,62,211,332,333
436990158,74,217,330,337
436990825,61,213,332,336
436991492,58,211,329,337
436992158,71,213,328,337
436992825,64,214,331,329
436993492,62,211,330,337
436994158,69,216,326,335
436994825,77,213,327,336
436995492,62,208,331,335
436996158,70,215,325,330
436996825,67,215,330,338
436997492,63,208,326,335
436998158,69,215,327,327
436998825,65,211,328,335
436999492,63,208,327,333
437000158,68,215,328,323
437000825,63,213,326,332
437001492,61,207,328,339
437002158,64,218,336,330
437002825,70,207,334,339
437003492,62,210,321,335
437004158,67,219,333,336
437004825,71,211,330,337
437005492,60,211,324,334
437006158,68,215,329,337
437006825,70,206,327,340
437007492,56,217,329,332
437008158,69,213,327,341
437008825,71,212,330,341
437009492,56,205,330,333
437010158,60,213,340,337
437010825,67,213,328,337
437011492,66,213,329,333
437012158,69,213,329,338
437012825,66,208,326,337
437013492,57,209,327,334
437014158,71,213,327,347
437014825,67,214,330,331
437015492,61,206,329,332
437016158,64,212,328,335
437016825,72,213,318,331
437017492,60,205,323,339
437018158,66,213,323,335
437018825,68,215,329,336
437019492,63,208,330,338
437020158,64,213,330,333
437020825,69,212,333,340
437021492,63,218,322,335
437022158,66,213,331,334
437022825,66,209,331,344
437023492,58,207,328,337
437024158,66,212,335,333
437024825,69,213,331,336
437025492,56,213,331,330
437026158,69,213,331,337
437026825,66,212,326,337
437027492,52,212,330,334
437028158,70,214,332,339
437028825,66,212,325,333
437029492,61,207,345,327
437030158,69,213,329,333
437030825,74,215,327,332
437031492,62,211,332,345
437032158,72,212,327,337
437032825,66,213,330,332
437033492,62,212,330,330
437034158,70,213,330,335
437034825,64,206,329,333
437035492,61,209,327,335
437036158,67,213,328,337
437036825,68,215,325,334
437037492,62,209,327,337
437038158,74,213,335,335
437038825,68,207,333,335
437039492,63,206,330,341
437040158,66,210,332,336
437040825,70,217,330,336
437041492,60,209,327,337
437042158,66,213,331,335
437042825,69,213,327,350
437043492,60,212,327,335
437044158,68,215,334,340
437044825,60,212,329,339
437045492,58,218,327,333
437046158,64,211,324,336
437046825,69,212,328,337
437047492,57,212,329,348
437048158,70,212,331,339
437048825,66,214,326,337
437049492,51,213,334,334
437050158,70,212,330,339
437050825,74,212,323,335
437051492,60,212,328,336
437052158,70,208,331,342
437052825,64,217,324,333
437053492,63,220,329,335
437054158,70,213,333,336
437054825,65,217,320,334
437055492,60,209,331,340
437056158,67,208,330,335
437056825,67,215,326,333
437057492,60,208,327,337
437058158,66,213,330,327
437058825,69,219,328,333
437059492,63,212,329,338
437060158,72,213,331,335
437060825,68,214,318,330
437061492,63,205,328,337
437062158,66,211,326,332
437062825,66,213,331,334
437063492,63,208,327,337
437064158,64,219,330,332
437064825,69,213,330,333
437065492,61,208,330,335
437066158,56,218,328,329
437066825,70,213,325,332
437067492,60,208,328,337
437068158,61,214,334,335
437068825,70,213,337,335
437069492,60,208,323,333
437070158,68,217,331,337
437070825,70,212,330,336
437071492,59,210,330,335
437072158,68,215,334,333
437072825,70,212,327,338
437073492,57,209,332,335
437074158,63,213,327,337
437074825,66,209,326,337
437075492,58,212,328,331
437076158,71,209,331,339
437076825,67,215,327,335
437077492,66,212,329,336
437078158,70,212,329,339
437078825,65,215,335,333
437079492,62,211,333,337
437080158,67,213,328,337
437080825,66,216,329,331
437081492,63,206,329,335
437082158,70,214,326,335
437082825,64,217,331,333
437083492,62,209,332,331
437084158,66,212,322,337
437084825,67,214,330,334
437085492,63,209,343,335
437086158,66,211,329,336
437086825,70,211,331,336
437087492,59,208,325,335
437088158,66,215,330,334
437088825,68,211,332,336
437089492,58,205,327,334
437090158,68,217,334,338
437090825,69,212,335,341
437091492,58,213,329,333
437092158,69,213,330,337
437092825,69,212,328,335
437093492,60,212,335,337
437094158,69,209,330,342
437094825,67,218,328,336
437095492,60,204,331,333
437096158,67,210,328,333
437096825,65,215,327,332
437097492,61,210,327,333
437098158,72,212,331,337
437098825,69,213,328,333
437099492,62,211,328,339
437100158,70,209,328,335
437100825,64,217,329,335
437101492,63,211,323,337
437102158,66,212,327,335
437102825,68,224,330,335
437103492,62,209,331,337
437104158,62,213,327,339
437104825,66,215,331,334
437105492,64,200,330,337
437106158,64,213,326,338
437106825,76,217,331,335
437107492,63,206,330,335
437108158,61,209,330,335
437108825,72,209,331,337
437109492,57,209,323,336
437110158,61,216,331,336
437110825,74,212,331,337
437111492,60,210,325,335
437112158,62,215,323,338
437112825,76,212,333,337
437113492,60,209,326,337
437114158,61,215,334,334
437114825,82,211,330,337
437115492,60,209,326,332
437116158,64,207,332,334
437116825,74,212,329,339
437117492,58,201,337,333
437118158,66,213,331,336
437118825,74,211,329,337
437119492,58,205,330,333
437120158,66,212,331,339
437120825,74,213,328,335
437121492,58,211,331,331
437122158,65,212,323,335
437122825,64,214,328,335
437123492,59,211,331,337
437124158,65,212,331,337
437124825,69,215,328,335
437125492,57,209,330,335
437126158,65,211,329,333
437126825,68,215,330,332
437127492,62,210,330,336
437128158,63,210,329,345
437128825,68,215,330,332
437129492,60,207,319,330
437130158,62,214,323,335
437130825,70,215,329,331
437131492,62,206,330,337
437132158,63,217,326,334
437132825,68,217,329,332
437133492,62,205,330,336
437134158,62,212,328,335
437134825,70,217,330,333
437135492,63,205,330,337
437136158,52,211,330,331
437136825,72,217,330,336
437137492,62,208,329,337
437138158,64,212,334,332
437138825,81,215,331,336
437139492,61,208,329,341
437140158,61,213,332,334
437140825,72,215,330,336
437141492,55,209,327,337
437142158,59,213,332,336
437142825,73,215,331,337
437143492,60,218,326,335
437144158,56,213,331,335
437144825,74,211,329,337
437145492,59,211,326,335
437146158,63,208,332,334
437146825,76,212,327,335
437147492,58,210,322,331
437148158,66,207,332,338
437148825,72,215,326,336
437149492,60,211,334,335
437150158,66,209,333,340
437150825,70,215,326,335
437151492,60,212,331,333
437152158,64,208,327,324
437152825,69,216,328,330
437153492,61,203,333,335
437154158,63,209,327,337
437154825,71,217,329,332
437155492,63,207,331,337
437156158,61,217,330,336
437156825,72,217,329,336
437157492,62,205,329,335
437158158,60,203,331,333
437158825,74,215,330,336
437159492,61,209,328,335
437160158,64,215,333,333
437160825,73,213,329,336
437161492,60,206,328,333
437162158,66,215,335,338
437162825,74,212,328,333
437163492,61,208,326,323
437164158,62,219,329,330
437164825,74,213,329,333
437165492,73,209,319,329
437166158,62,213,329,335
437166825,75,213,330,332
437167492,60,210,326,335
437168158,62,213,324,333
437168825,75,212,327,335
437169492,59,210,329,335
437170158,64,208,329,338
437170825,74,212,331,339
437171492,56,212,328,337
437172158,63,200,333,336
437172825,75,213,325,335
437173492,58,213,329,334
437174158,65,209,329,342
437174825,74,213,329,335
437175492,60,209,330,333
437176158,66,209,329,338
437176825,73,214,328,329
437177492,60,211,331,333
437178158,65,214,331,339
437178825,72,215,328,337
437179492,60,213,328,332
437180158,66,209,332,339
437180825,72,216,328,333
437181492,61,213,331,334
437182158,65,210,331,342
437182825,69,215,331,333
437183492,60,207,331,334
437184158,66,202,321,336
437184825,69,215,328,333
437185492,60,212,331,324
437186158,66,209,330,340
437186825,70,216,328,328
437187492,54,209,331,336
437188158,66,210,327,337
437188825,69,217,325,329
437189492,61,207,331,336
437190158,63,213,329,338
437190825,69,217,330,330
437191492,62,210,331,331
437192158,61,209,333,339
437192825,70,217,331,329
437193492,62,209,333,335
437194158,64,210,328,338
437194825,68,217,331,326
437195492,59,208,330,338
437196158,64,211,328,337
437196825,70,218,325,326
437197492,62,209,330,333
437198158,63,210,323,331
437198825,70,217,324,330
437199492,61,209,330,334
437200158,63,209,328,335
437200825,69,217,324,342
437201492,61,210,327,348
437202158,65,205,326,337
437202825,69,217,329,332
437203492,66,212,332,336
437204158,66,209,330,338
437204825,70,215,310,327
437205492,62,206,330,336
437206158,63,208,326,340
437206825,69,217,331,329
437207492,62,209,330,337
437208158,65,208,321,335
437208825,72,217,333,332
437209492,63,208,327,334
437210158,59,210,328,335
437210825,73,218,329,333
437211492,61,207,335,337
437212158,59,213,328,329
437212825,74,217,329,334
437213492,63,210,331,337
437214158,59,213,327,338
437214825,74,217,331,335
437215492,63,201,331,337
437216158,57,210,330,337
437216825,74,218,333,331
437217492,62,213,329,338
437218158,60,211,328,338
437218825,74,219,329,333
437219492,67,207,333,336
437220158,60,211,329,332
437220825,72,215,330,334
437221492,62,209,334,336
437222158,66,212,326,336
437222825,72,217,328,333
437223492,61,208,330,337
437224158,61,211,328,340
437224825,73,219,329,330
437225492,59,209,331,337
437226158,61,212,327,338
437226825,73,217,324,332
437227492,62,210,331,335
437228158,60,211,328,337
437228825,73,211,334,332
437229492,63,209,327,335
437230158,55,208,339,335
437230825,72,216,329,329
437231492,62,209,330,340
437232158,61,212,327,335
437232825,74,217,330,334
437233492,68,208,329,334
437234158,60,204,327,335
437234825,74,217,330,332
437235492,60,209,327,336
437236158,59,209,328,342
437236825,74,229,330,333
437237492,63,209,329,336
437238158,56,211,324,335
437238825,76,217,329,330
437239492,63,206,328,341
437240158,58,214,330,335
437240825,75,213,331,333
437241492,59,209,330,338
437242158,56,210,330,334
437242825,76,215,327,335
437243492,62,208,327,338
437244158,58,212,328,336
437244825,76,207,329,336
437245492,62,205,312,329
437246158,54,210,323,335
437246825,77,216,335,325
437247492,60,209,326,335
437248158,58,207,332,333
437248825,76,214,330,335
437249492,60,208,323,334
437250158,60,203,331,343
437250825,74,217,328,337
437251492,59,216,325,333
437252158,50,211,332,333
437252825,79,215,330,335
437253492,56,210,325,332
437254158,65,211,330,336
437254825,79,215,328,337
437255492,60,210,328,331
437256158,60,212,330,338
437256825,78,215,328,328
437257492,58,212,326,332
437258158,64,211,332,337
437258825,77,217,319,330
437259492,59,210,328,331
437260158,57,211,333,336
437260825,76,205,328,337
437261492,60,212,327,321
437262158,59,213,328,332
437262825,77,215,327,332
437263492,61,209,317,320
437264158,61,210,332,332
437264825,76,212,325,333
437265492,56,208,321,327
437266158,60,210,332,335
437266825,75,211,327,332
437267492,60,209,327,329
437268158,64,211,334,334
437268825,77,215,329,325
437269492,61,207,327,317
437270158,60,207,334,336
437270825,79,213,331,337
437271492,58,214,326,325
437272158,61,211,335,340
437272825,81,214,331,330
437273492,58,209,327,325
437274158,63,212,330,337
437274825,76,213,327,335
437275492,58,212,329,324
437276158,63,211,309,332
437276825,76,213,325,335
437277492,58,215,328,324
437278158,61,199,331,337
437278825,73,216,335,337
437279492,68,211,320,324
437280158,61,211,332,341
437280825,76,216,327,335
437281492,57,199,329,324
437282158,59,209,330,337
437282825,73,215,327,335
437283492,58,191,323,324
437284158,63,209,330,323
437284825,75,214,328,333
437285492,60,211,319,321
437286158,62,209,330,336
437286825,75,214,335,335
437287492,57,204,326,325
437288158,61,209,331,342
437288825,76,218,328,335
437289492,58,213,328,319
437290158,61,209,333,342
437290825,76,215,327,334
437291492,56,212,330,329
437292158,62,209,331,337
437292825,75,213,326,313
437293492,60,212,327,324
437294158,60,209,332,339
437294825,79,214,323,335
437295492,58,204,324,326
437296158,61,211,335,335
437296825,75,206,326,333
437297492,60,212,322,323
437298158,61,215,324,337
437298825,77,214,326,341
437299492,58,209,322,324
437300158,60,204,314,333
437300825,72,209,330,335
437301492,58,210,324,326
437302158,61,212,331,340
437302825,77,210,328,337
437303492,56,217,322,331
437304158,64,210,323,339
437304825,74,214,330,337
437305492,58,210,323,334
437306158,61,209,331,340
437306825,78,214,330,340
437307492,58,211,331,332
437308158,60,205,331,334
437308825,79,215,333,336
437309492,57,209,320,326
437310158,63,211,331,338
437310825,78,224,329,338
437311492,58,218,322,333
437312158,57,212,329,336
437312825,78,213,329,337
437313492,59,209,323,325
437314158,61,211,332,337
437314825,75,214,329,327
437315492,56,209,320,334
437316158,61,210,331,336
437316825,72,213,329,339
437317492,58,213,327,328
437318158,57,209,331,331
437318825,77,210,329,334
437319492,57,212,324,338
437320158,61,208,331,335
437320825,78,211,327,335
437321492,58,211,324,337
437322158,62,208,329,339
437322825,77,214,326,337
437323492,57,211,329,334
437324158,63,207,334,337
437324825,72,220,330,334
437325492,60,210,327,332
437326158,63,208,331,340
437326825,74,227,328,337
437327492,60,204,327,336
437328158,63,205,319,333
437328825,75,223,326,332
437329492,64,213,318,327
437330158,63,207,329,335
437330825,78,218,313,318
437331492,60,207,323,333
437332158,62,208,329,337
437332825,75,216,328,332
437333492,58,219,328,333
437334158,63,204,331,336
437334825,78,204,327,335
437335492,58,209,332,334
437336158,62,209,347,336
437336825,77,216,327,339
437337492,64,212,326,336
437338158,62,204,331,337
437338825,78,216,322,335
437339492,58,211,328,331
437340158,62,208,331,338
437340825,76,216,328,335
437341492,58,215,330,336
437342158,64,207,335,337
437342825,78,215,328,335
437343492,56,210,330,331
437344158,62,211,331,336
437344825,78,214,322,338
437345492,56,205,333,335
437346158,62,210,330,338
437346825,79,215,319,330
437347492,57,215,331,335
437348158,63,210,330,337
437348825,77,215,326,335
437349492,56,211,332,334
437350158,66,208,331,336
437350825,79,213,335,335
437351492,56,209,323,328
437352158,62,203,329,335
437352825,82,216,324,333
437353492,56,211,331,336
437354158,63,208,333,329
437354825,77,225,326,335
437355492,58,213,331,332
437356158,66,209,323,337
437356825,81,217,328,338
437357492,57,207,331,336
437358158,60,212,331,337
437358825,74,217,327,334
437359492,60,210,332,336
437360158,63,208,334,337
437360825,76,218,322,334
437361492,59,211,332,336
437362158,67,208,331,338
437362825,75,217,325,332
437363492,58,211,330,330
437364158,63,208,330,337
437364825,75,219,325,325
437365492,59,213,330,336
437366158,62,212,331,336
437366825,80,217,328,333
437367492,58,214,332,337
437368158,62,206,331,338
437368825,76,213,327,335
437369492,56,216,333,337
437370158,62,208,331,339
437370825,74,220,326,329
437371492,58,213,331,340
437372158,61,209,330,338
437372825,82,231,331,327
437373492,60,211,331,336
437374158,62,197,327,337
437374825,79,220,330,333
437375492,61,219,333,338
437376158,61,208,332,330
437376825,75,217,328,330
437377492,60,209,331,338
437378158,60,208,328,334
437378825,72,221,330,330
437379492,60,209,331,330
437380158,62,199,330,335
437380825,72,220,325,333
437381492,63,209,315,335
437382158,60,209,328,338
437382825,76,218,330,334
437383492,62,215,331,334
437384158,60,204,329,337
437384825,76,220,329,328
437385492,63,208,333,343
437386158,58,212,326,337
437386825,79,220,333,324
437387492,55,208,331,339
437388158,59,213,325,336
437388825,72,219,328,332
437389492,65,208,313,333
437390158,59,209,326,337
437390825,75,217,332,332
437391492,64,208,331,338
437392158,58,211,323,338
437392825,76,221,331,338
437393492,59,209,332,340
437394158,59,202,328,338
437394825,72,223,333,332
437395492,63,208,335,337
437396158,58,204,323,334
437396825,76,219,331,332
437397492,62,201,330,336
437398158,58,212,324,327
437398825,74,220,331,327
437399492,62,209,325,329
437400158,62,220,328,333
437400825,75,221,331,324
437401492,63,210,331,339
437402158,61,209,327,339
437402825,76,220,329,332
437403492,63,208,333,337
437404158,61,210,328,343
437404825,75,212,332,331
437405492,63,208,331,338
437406158,58,209,328,341
437406825,77,219,332,333
437407492,62,209,331,337
437408158,57,203,328,335
437408825,78,217,330,340
437409492,59,209,330,341
437410158,56,210,327,335
437410825,80,217,333,333
437411492,62,206,328,337
437412158,60,217,330,336
437412825,78,216,329,335
437413492,60,206,328,334
437414158,64,211,330,336
437414825,82,215,331,335
437415492,57,211,325,334
437416158,60,212,330,339
437416825,78,212,329,338
437417492,59,220,326,338
437418158,61,209,330,341
437418825,77,216,327,337
437419492,58,213,330,336
437420158,62,213,335,333
437420825,77,224,327,337
437421492,60,209,333,335
437422158,62,208,334,337
437422825,76,219,326,333
437423492,57,212,333,332
437424158,63,209,330,338
437424825,74,219,323,332
437425492,57,213,334,336
437426158,63,208,328,337
437426825,76,217,334,333
437427492,60,204,332,335
437428158,62,208,323,333
437428825,76,225,327,324
437429492,64,207,331,335
437430158,61,208,327,335
437430825,75,220,328,335
437431492,62,209,331,332
437432158,62,209,327,335
437432825,75,220,327,310
437433492,59,213,330,333
437434158,62,208,329,346
437434825,74,222,328,332
437435492,63,208,331,336
437436158,61,209,327,335
437436825,74,225,328,333
437437492,63,209,331,342
437438158,61,208,322,338
437438825,77,217,331,335
437439492,61,207,330,343
437440158,57,205,328,335
437440825,70,221,330,336
437441492,61,207,331,342
437442158,58,211,328,325
437442825,76,219,331,332
437443492,63,215,328,340
437444158,62,213,331,333
437444825,79,210,331,327
437445492,61,204,328,337
437446158,58,213,331,336
437446825,78,216,330,334
437447492,62,208,326,335
437448158,62,212,331,333
437448825,76,215,329,336
437449492,58,211,328,334
437450158,62,211,331,338
437450825,78,208,330,338
437451492,58,211,333,334
437452158,62,207,333,335
437452825,77,212,330,335
437453492,59,212,330,336
437454158,63,207,325,337
437454825,78,219,326,343
437455492,61,212,331,331
437456158,62,206,328,338
437456825,75,218,328,333
437457492,62,203,331,342
437458158,61,208,328,348
437458825,72,220,321,331
437459492,63,209,334,337
437460158,60,215,327,338
437460825,76,216,328,334
437461492,61,208,329,338
437462158,58,209,324,335
437462825,77,219,330,332
437463492,63,208,324,336
437464158,58,218,327,335
437464825,75,219,333,332
437465492,63,207,329,337
437466158,59,210,328,331
437466825,78,227,330,332
437467492,64,201,330,336
437468158,67,207,320,335
437468825,77,218,330,336
437469492,65,207,331,338
437470158,57,205,332,338
437470825,76,217,331,334
437471492,63,206,330,339
437472158,58,211,331,332
437472825,78,219,335,340
437473492,61,209,327,337
437474158,53,213,331,333
437474825,78,218,330,337
437475492,60,210,326,337
437476158,54,209,329,335
437476825,79,215,331,328
437477492,58,211,324,335
437478158,58,209,332,336
437478825,83,215,328,337
437479492,57,212,326,335
437480158,63,211,329,337
437480825,79,216,329,337
437481492,58,207,325,336
437482158,64,210,332,336
437482825,80,215,329,335
437483492,57,211,326,335
437484158,60,207,334,338
437484825,81,217,326,333
437485492,59,214,328,334
437486158,62,204,330,337
437486825,81,214,329,335
437487492,58,216,326,335
437488158,54,209,333,336
437488825,81,210,331,337
437489492,58,205,328,335
437490158,60,209,335,338
437490825,79,217,329,335
437491492,57,212,328,334
437492158,62,206,332,331
437492825,77,217,325,336
437493492,61,212,319,329
437494158,62,209,333,338
437494825,77,213,329,332
437495492,58,211,324,331
437496158,63,208,330,337
437496825,78,213,326,339
437497492,60,215,329,332
437498158,63,202,329,335
437498825,74,216,328,346
437499492,58,211,328,332
437500158,62,208,331,336
437500825,77,217,329,337
437501492,56,211,329,334
437502158,63,208,330,345
437502825,76,209,328,335
437503492,60,213,331,336
437504158,59,207,334,337
437504825,75,219,327,332
437505492,61,201,331,334
437506158,62,205,330,341
437506825,76,218,327,333
437507492,59,209,331,336
437508158,61,204,332,345
437508825,73,219,331,332
437509492,55,209,332,337
437510158,54,211,327,337
437510825,78,211,331,332
437511492,62,202,330,335
437512158,62,211,327,334
437512825,76,218,331,330
437513492,61,206,331,337
437514158,60,214,326,335
437514825,78,221,325,340
437515492,63,206,330,337
437516158,58,211,328,331
437516825,77,219,332,333
437517492,63,208,326,338
437518158,60,212,328,335
437518825,79,215,331,336
437519492,61,208,329,338
437520158,52,214,335,335
437520825,78,218,331,336
437521492,60,208,327,335
437522158,56,215,330,336
437522825,81,219,325,336
437523492,60,212,328,337
437524158,58,211,330,340
437524825,80,220,330,335
437525492,63,208,327,335
437526158,59,213,329,337
437526825,79,216,331,336
437527492,60,211,329,335
437528158,59,211,328,339
437528825,79,215,329,333
437529492,60,211,326,333
437530158,61,216,331,333
437530825,82,213,323,335
437531492,56,210,326,333
437532158,59,212,330,325
437532825,79,214,330,334
437533492,59,209,326,335
437534158,54,210,327,334
437534825,80,217,331,336
437535492,60,209,328,334
437536158,57,209,330,334
437536825,81,215,325,337
437537492,69,209,327,335
437538158,58,213,333,335
437538825,82,217,334,338
437539492,61,209,326,339
437540158,58,212,332,333
437540825,78,212,331,335
437541492,60,210,326,335
437542158,57,211,331,333
437542825,79,215,331,334
437543492,62,207,328,337
437544158,57,213,330,333
437544825,84,217,338,334
437545492,60,208,329,338
437546158,60,211,329,335
437546825,78,217,332,335
437547492,61,209,326,336
437548158,53,211,331,333
437548825,78,217,331,334
437549492,59,209,329,337
437550158,58,210,329,334
437550825,81,215,331,336
437551492,62,209,327,337
437552158,58,211,331,333
437552825,72,217,338,334
437553492,56,209,327,340
437554158,60,210,331,334
437554825,79,214,330,336
437555492,59,210,326,335
437556158,50,212,330,334
437556825,79,214,332,338
437557492,58,211,327,335
437558158,61,210,331,336
437558825,79,214,329,334
437559492,59,212,326,333
437560158,61,214,331,336
437560825,78,216,331,335
437561492,58,211,329,334
437562158,62,199,329,335
437562825,79,208,329,335
437563492,58,211,327,332
437564158,63,211,326,331
437564825,79,219,327,334
437565492,59,211,326,330
437566158,61,203,331,333
437566825,81,214,329,329
437567492,58,212,326,336
437568158,61,213,330,347
437568825,79,216,332,338
437569492,58,211,328,335
437570158,58,209,331,332
437570825,79,209,330,341
437571492,58,209,328,311
437572158,60,211,338,337
437572825,79,213,330,341
437573492,58,210,328,334
437574158,60,203,331,335
437574825,79,214,328,337
437575492,58,212,328,334
437576158,61,209,331,336
437576825,76,218,330,337
437577492,58,212,328,331
437578158,65,208,316,327
437578825,79,216,328,341
437579492,58,212,328,332
437580158,62,209,331,336
437580825,79,216,327,341
437581492,58,211,330,333
437582158,62,209,333,336
437582825,75,217,326,329
437583492,58,212,331,332
437584158,56,201,319,335
437584825,76,213,324,334
437585492,60,213,330,333
437586158,67,208,331,338
437586825,74,209,328,334
437587492,60,212,330,333
437588158,63,206,330,338
437588825,75,217,328,343
437589492,60,211,329,330
437590158,61,208,331,336
437590825,81,219,328,335
437591492,58,213,328,332
437592158,62,206,331,331
437592825,77,214,327,335
437593492,60,212,329,334
437594158,63,207,334,338
437594825,74,219,327,333
437595492,60,211,330,333
437596158,62,203,331,334
437596825,72,216,339,332
437597492,58,211,327,331
437598158,61,208,331,340
437598825,78,224,328,336
437599492,58,211,330,331
437600158,59,213,323,333
437600825,79,213,331,343
437601492,58,211,325,331
437602158,60,213,331,335
437602825,85,214,330,335
437603492,58,211,325,329
437604158,59,215,331,333
437604825,79,217,330,334
437605492,58,210,325,330
437606158,60,212,331,337
437606825,79,216,330,347
437607492,59,210,320,333
437608158,56,213,331,334
437608825,79,217,330,335
437609492,58,211,324,329
437610158,60,211,333,334
437610825,81,215,331,335
437611492,59,210,326,335
437612158,60,211,330,336
437612825,78,215,333,336
437613492,59,211,328,332
437614158,62,212,329,334
437614825,79,215,333,340
437615492,59,210,326,333
437616158,58,212,329,336
437616825,75,210,331,335
437617492,60,208,327,334
437618158,60,211,330,334
437618825,81,212,332,337
437619492,60,208,326,339
437620158,59,213,329,334
437620825,78,216,333,337
437621492,60,209,329,337
437622158,56,215,328,333
437622825,76,217,335,335
437623492,59,210,326,329
437624158,58,211,330,332
437624825,78,217,331,335
437625492,60,209,327,340
437626158,60,213,325,334
437626825,78,214,332,334
437627492,61,208,326,335
437628158,59,218,330,334
437628825,79,217,334,336
437629492,62,209,326,335
437630158,58,211,327,334
437630825,77,221,329,332
437631492,63,208,329,333
437632158,56,210,325,334
437632825,76,221,330,327
437633492,63,208,330,333
437634158,61,209,331,335
437634825,75,219,329,330
437635492,65,209,328,333
437636158,59,209,326,337
437636825,77,217,331,336
437637492,62,209,330,332
437638158,62,209,326,337
437638825,78,220,329,334
437639492,63,209,335,337
437640158,59,207,339,337
437640825,76,221,330,336
437641492,62,199,331,335
437642158,60,204,326,335
437642825,76,219,327,333
437643492,63,207,329,334
437644158,58,209,326,333
437644825,76,223,330,335
437645492,62,209,331,335
437646158,57,210,330,335
437646825,75,219,330,335
437647492,62,204,351,336
437648158,59,203,326,335
437648825,80,219,330,333
437649492,62,213,329,333
437650158,58,211,326,333
437650825,77,219,329,331
437651492,61,208,330,339
437652158,62,211,328,329
437652825,74,223,335,332
437653492,63,210,326,335
437654158,59,214,329,334
437654825,76,219,327,309
437655492,65,217,329,335
437656158,58,215,328,332
437656825,77,229,326,332
437657492,63,208,327,338
437658158,58,211,327,329
437658825,76,215,329,332
437659492,63,206,330,335
437660158,58,209,326,329
437660825,76,220,334,331
437661492,63,213,329,335
437662158,62,210,314,325
437662825,76,215,329,331
437663492,63,206,330,329
437664158,61,210,326,325
437664825,74,222,329,330
437665492,60,209,336,322
437666158,63,205,324,325
437666825,76,218,326,329
437667492,59,217,330,332
437668158,63,203,331,329
437668825,76,222,328,332
437669492,60,214,332,332
437670158,62,206,328,327
437670825,72,220,323,333
437671492,60,213,330,333
437672158,59,210,329,327
437672825,74,216,327,338
437673492,62,213,328,333
437674158,62,208,330,331
437674825,74,217,328,333
437675492,62,221,328,333
437676158,63,205,331,326
437676825,72,217,328,335
437677492,60,211,324,336
437678158,62,208,331,335
437678825,74,212,329,334
437679492,62,209,333,335
437680158,58,207,322,328
437680825,74,217,328,333
437681492,59,212,329,332
437682158,61,208,330,330
437682825,75,216,335,335
437683492,58,213,332,332
437684158,67,206,327,329
437684825,75,222,330,333
437685492,58,209,332,330
437686158,63,211,331,328
437686825,72,216,328,339
437687492,58,213,329,333
437688158,62,209,328,328
437688825,78,214,329,336
437689492,57,220,326,332
437690158,64,209,324,327
437690825,76,216,329,335
437691492,54,213,328,333
437692158,58,207,329,330
437692825,78,217,329,325
437693492,60,209,324,332
437694158,61,211,326,332
437694825,78,215,330,335
437695492,57,197,324,332
437696158,63,210,326,332
437696825,82,213,329,335
437697492,57,211,326,331
437698158,58,212,325,332
437698825,77,216,325,335
437699492,56,209,328,331
437700158,68,211,325,328
437700825,78,216,329,334
437701492,59,212,325,333
437702158,60,202,325,330
437702825,78,213,333,337
437703492,58,209,328,333
437704158,61,213,326,328
437704825,76,215,334,335
437705492,56,210,328,351
437706158,62,211,329,332
437706825,76,214,329,335
437707492,60,211,321,333
437708158,63,205,327,335
437708825,74,213,330,339
437709492,60,209,328,332
437710158,60,208,327,336
437710825,79,215,319,331
437711492,58,212,327,331
437712158,62,217,326,338
437712825,75,212,331,336
437713492,54,210,322,334
437714158,61,205,327,335
437714825,79,214,329,327
437715492,58,217,328,333
437716158,60,205,329,338
437716825,86,215,336,335
437717492,64,210,316,326
437718158,57,212,324,337
437718825,77,217,328,337
437719492,58,211,329,333
437720158,61,208,323,338
437720825,76,215,328,335
437721492,56,212,331,333
437722158,64,206,331,337
437722825,78,216,329,335
437723492,57,212,328,332
437724158,62,203,326,338
437724825,75,211,324,337
437725492,59,213,328,322
437726158,61,211,329,338
437726825,74,213,328,335
437727492,56,213,330,331
437728158,62,202,335,336
437728825,77,204,334,335
437729492,60,212,326,330
437730158,64,208,334,336
437730825,70,215,329,333
437731492,58,213,328,333
437732158,64,207,327,333
437732825,77,212,329,335
437733492,59,209,322,331
437734158,65,207,335,337
437734825,78,212,330,335
437735492,60,209,321,330
437736158,61,203,334,337
437736825,77,213,331,337
437737492,58,213,326,332
437738158,60,209,335,331
437738825,76,217,330,335
437739492,53,207,324,334
437740158,61,213,331,341
437740825,74,211,330,335
437741492,56,209,329,332
437742158,70,210,329,339
437742825,78,215,330,334
437743492,59,213,326,329
437744158,60,206,335,339
437744825,71,217,330,337
437745492,57,212,327,325
437746158,60,205,331,341
437746825,75,224,328,338
437747492,54,212,326,333
437748158,57,208,339,338
437748825,75,215,328,335
437749492,60,212,329,333
437750158,61,200,333,343
437750825,75,214,320,337
437751492,58,211,329,332
437752158,61,208,334,351
437752825,73,216,330,337
437753492,59,211,331,336
437754158,59,203,323,341
437754825,75,220,328,337
437755492,53,210,327,333
437756158,61,209,331,340
437756825,72,217,329,336
437757492,58,223,329,331
437758158,62,201,334,336
437758825,82,217,318,329
437759492,59,213,330,332
437760158,62,209,333,330
437760825,73,214,329,335
437761492,58,214,330,330
437762158,55,209,335,335
437762825,75,215,326,339
437763492,58,214,328,329
437764158,62,203,333,336
437764825,85,215,331,335
437765492,58,206,327,326
437766158,59,212,330,336
437766825,76,215,330,335
437767492,58,210,323,343
437768158,54,212,331,337
437768825,78,215,334,340
437769492,58,209,328,334
437770158,58,211,330,337
437770825,82,214,327,337
437771492,61,208,325,333
437772158,58,213,331,339
437772825,78,213,323,341
437773492,54,208,326,335
437774158,64,215,330,340
437774825,79,216,331,336
437775492,58,209,328,333
437776158,59,213,335,336
437776825,74,217,331,341
437777492,58,212,327,333
437778158,59,213,333,338
437778825,79,215,330,335
437779492,58,211,331,326
437780158,60,213,324,341
437780825,79,208,331,337
437781492,65,210,338,332
437782158,56,213,337,338
437782825,78,213,331,337
437783492,59,205,328,332
437784158,63,221,326,340
437784825,79,215,331,343
437785492,59,210,329,326
437786158,62,211,333,337
437786825,77,213,329,336
437787492,58,211,328,334
437788158,62,211,334,338
437788825,77,213,328,339
437789492,58,211,326,337
437790158,62,210,331,338
437790825,75,215,323,333
437791492,58,214,328,333
437792158,61,211,333,331
437792825,77,213,330,335
437793492,57,210,328,333
437794158,62,211,333,331
437794825,78,217,330,336
437795492,66,212,332,327
437796158,65,211,325,336
437796825,78,214,329,331
437797492,58,208,326,334
437798158,60,211,330,332
437798825,77,215,327,336
437799492,61,209,325,329
437800158,58,211,321,331
